<?xml version="1.0" encoding="UTF-8"?>
<project-private xmlns="http://www.netbeans.org/ns/project-private/1">
    <editor-bookmarks xmlns="http://www.netbeans.org/ns/editor-bookmarks/2" lastBookmarkId="0"/>
    <open-files xmlns="http://www.netbeans.org/ns/projectui-open-files/2">
        <group>
            <file>file:/C:/Users/User/OneDrive/Documents/NetBeansProjects/PoliceCaseManagementSystem/src/policecasemanagementsystem/PoliceCaseManagementSystem.java</file>
            <file>file:/C:/Users/User/OneDrive/Documents/NetBeansProjects/PoliceCaseManagementSystem/src/gui/MainFrame.java</file>
            <file>file:/C:/Users/User/OneDrive/Documents/NetBeansProjects/PoliceCaseManagementSystem/src/model/Case.java</file>
            <file>file:/C:/Users/User/OneDrive/Documents/NetBeansProjects/PoliceCaseManagementSystem/src/model/Officer.java</file>
            <file>file:/C:/Users/User/OneDrive/Documents/NetBeansProjects/PoliceCaseManagementSystem/src/db/DBConnection.java</file>
            <file>file:/C:/Users/User/OneDrive/Documents/NetBeansProjects/PoliceCaseManagementSystem/src/dao/CaseDAO.java</file>
            <file>file:/C:/Users/User/OneDrive/Documents/NetBeansProjects/PoliceCaseManagementSystem/src/dao/OfficerDAO.java</file>
            <file>file:/C:/Users/User/OneDrive/Documents/NetBeansProjects/PoliceCaseManagementSystem/src/README/README.md</file>
        </group>
    </open-files>
</project-private>
